{"loss": 0.9818059125254232, "step": 1549, "_timestamp": 1745372977.4168212, "_runtime": 12807.227357149124, "_step": 45299}